[
    {
       "Well Name": "Well1",
       "Time & Date": "20-20-2023 10:10 AM",
       "Pump Status": "Good",
       "Performance": "Great"
    },
       
    {
        "Well Name": "Well2",
       "Time & Date": "20-20-2023 10:10 AM",
       "Pump Status": "Excellent",
       "Performance": "Great"
    },

       
      {
        "Well Name": "Well3",
       "Time & Date": "20-20-2023 10:10 AM",
       "Pump Status": "Bad",
       "Performance": "Great"
       
      } ,

      {
         "Well Name": "Well4",
        "Time & Date": "20-20-2023 10:10 AM",
        "Pump Status": "Bad",
        "Performance": "Great"
        
       },

       {
         "Well Name": "Well5",
        "Time & Date": "20-20-2023 10:10 AM",
        "Pump Status": "Bad",
        "Performance": "Great"
        
       },
       {
         "Well Name": "Well6",
        "Time & Date": "20-20-2023 10:10 AM",
        "Pump Status": "Bad",
        "Performance": "Great"
        
       },
       {
         "Well Name": "Well7",
        "Time & Date": "20-20-2023 10:10 AM",
        "Pump Status": "Bad",
        "Performance": "Great"
        
       } 
      
     
     
     
    


   
]
