[
    {
        "wellName": "Apache 24 FED 11",
        "alertLevel": "High",
        "date": "2023-07-09T11:30:20.335Z",
        "desc": "Flatlining",
        "status": "Completed",
        "action": "Snooze"
    },
    {
        "wellName": "Apache 24 FED 11",
        "alertLevel": "Medium",
        "date": "2023-07-04T11:30:20.335Z",
        "desc": "Tagging",
        "status": "In Progress",
        "action": "Snooze"
    },
    {
        "wellName": "Jones 2-15-022BH",
        "alertLevel": "Low",
        "date": "2023-07-05T11:30:20.335Z",
        "desc": "Excessive Cycling",
        "status": "Completed",
        "action": "Dismiss"
    },
    {
        "wellName": "Jones 2-15-022BH",
        "alertLevel": "High",
        "date": "2023-07-06T11:30:20.335Z",
        "desc": "Flatlining",
        "status": "In Progress",
        "action": "Snooze"
    },
    {
        "wellName": "Apache 24 FED 13",
        "alertLevel": "Medium",
        "date": "2023-07-10T11:30:20.335Z",
        "desc": "Tagging",
        "status": "Completed",
        "action": "Dismiss"
    },
    {
        "wellName": "Apache 24 FED 14",
        "alertLevel": "Low",
        "date": "2023-07-12T11:30:20.335Z",
        "desc": "Excessive Cycling",
        "status": "In Progress",
        "action": "Snooze"
    },
    {
        "wellName": "Apache 24 FED 12",
        "alertLevel": "High",
        "date": "2023-07-14T11:30:20.335Z",
        "desc": "Flatlining",
        "status": "Completed",
        "action": "Snooze"
    },
    {
        "wellName": "Apache 24 FED 12",
        "alertLevel": "Medium",
        "date": "2023-07-11T11:30:20.335Z",
        "desc": "Tagging",
        "status": "In Progress",
        "action": "Dismiss"
    },
    {
        "wellName": "Apache 24 FED 15",
        "alertLevel": "Medium",
        "date": "2023-07-15T11:30:20.335Z",
        "desc": "Excessive Cycling",
        "status": "Completed",
        "action": "Snooze"
    },
    {
        "wellName": "Jones 2-16-022BH1",
        "alertLevel": "Low",
        "date": "2023-07-16T11:30:20.335Z",
        "desc": "Flatlining",
        "status": "In Progress",
        "action": "Dismiss"
    },
    {
        "wellName": "Jones 2-16-022BH2",
        "alertLevel": "High",
        "date": "2023-07-17T11:30:20.335Z",
        "desc": "Excessive Cycling",
        "status": "Completed",
        "action": "Snooze"
    },
    {
        "wellName": "Jones 2-16-022BH2",
        "alertLevel": "Medium",
        "date": "2023-07-18T11:30:20.335Z",
        "desc": "Tagging",
        "status": "In Progress",
        "action": "Dismiss"
    }
    ,
    {
        "wellName": "Jones 2-16-022BH3",
        "alertLevel": "Medium",
        "date": "2023-07-18T11:30:20.335Z",
        "desc": "Tagging",
        "status": "In Progress",
        "action": "Dismiss"
    }
]