[
    {  
       "name": "Lefty_14302T Dynacard class",  
       "data": [
            ["04:00", 500],
            ["06:00", 700],
            ["08:00", 555],
            ["10:00", 444],
            ["12:00", 777],
            ["14:00", 877],
            ["16:00", 944],
            ["18:00", 567],
            ["20:00", 666],
            ["22:00", 789],
            ["30:00", 456],
            ["02:00", 654],
            ["04:00", 558],
            ["06:00", 432]

        ]
    },
    {  
       "name": "Lefty_14302T flatlining_mitigation_state",  
       "data": [
            ["04:00", 677],
            ["06:00", 700],
            ["08:00", 455],
            ["10:00", 677],
            ["12:00", 877],
            ["14:00", 455],
            ["16:00", 944],
            ["18:00", 568],
            ["20:00", 266],
            ["22:00", 749],
            ["30:00", 451],
            ["02:00", 634],
            ["04:00", 518],
            ["06:00", 732]
        ]
    },
    {  
       "name": "Lefty_14302T tagging_mitigation_state",  
       "data": [
        ["04:00", 277],
        ["06:00", 300],
        ["08:00", 455],
        ["10:00", 577],
        ["12:00", 867],
        ["14:00", 355],
        ["16:00", 544],
        ["18:00", 368],
        ["20:00", 466],
        ["22:00", 549],
        ["30:00", 251],
        ["02:00", 834],
        ["04:00", 518],
        ["06:00", 632]
        ]
    },
    {  
       "name": "Lefty_14302T VFDMaxWorkingSpeed",  
       "data": [
        ["04:00", 621],
        ["06:00", 735],
        ["08:00", 155],
        ["10:00", 377],
        ["12:00", 357],
        ["14:00", 421],
        ["16:00", 374],
        ["18:00", 518],
        ["20:00", 796],
        ["22:00", 129],
        ["30:00", 351],
        ["02:00", 754],
        ["04:00", 368],
        ["06:00", 112]
        ]
    }
]