[
  {
    "name": "Pump Tagging",
    "marker": {
      "symbol": "circle",
      "fillColor":"#57B2C0"
    },
    "data": [
      [
        "10/2/2023",
        1,
        20
      ],
      [
        "31/2/2023",
        1,
        25
      ],
      [
        "15/2/2023",
        1,
        25
      ]
    ]
  },
  {
    "name": "Flatlining",
    "marker": {
      "symbol": "diamond",
      "fillColor":"#D25299"
      
    },
    "data": [
      [
        "20/2/2023",
        2,
        20
      ],
      [
        "28/2/2023",
        2,
        20
      ],
      [
        "15/2/2023",
        2,
        480
      ]
    ]
  },
  {
    "name": "Gas Interference",
    "marker": {
      "symbol": "square",
      "fillColor":"#5433A0"
    },
    "data": [
      [
        "10/2/2023",
        3,
        20
      ],
      [
        "31/2/2023",
        3,
        20
      ],
      [
        "15/2/2023",
        3,
        10
      ]
    ]
  },
  {
    "name": "Fluid Pound",
    "marker": {
      "symbol": "circle",
      "fillColor":"#EA910D"
    },
    "data": [
      [
        "20/2/2023",
        4,
        30
      ],
      [
        "28/2/2023",
        4,
        40
      ],
      [
        "15/2/2023",
        4,
        10
      ]
    ]
  },
  {
    "name": "Distorted",
    "marker": {
      "symbol": "square",
      "fillColor":"#FFD200"
    },
    "data": [
      [
        "20/2/2023",
        5,
        15
      ],
      [
        "28/2/2023",
        5,
        10
      ],
      [
        "15/2/2023",
        5,
        5
      ]
    ]
  },
  {
    "name": "Normal",
    "marker": {
      "symbol": "diamond",
      "fillColor":"#2196F3"
    },
    "data": [
      [
        "20/2/2023",
        6,
        15
      ],
      [
        "28/2/2023",
        6,
        15
      ],
      [
        "15/2/2023",
        6,
        20
      ]
    ]
  }
]