[
    {
        "id": 1,
        "controller": "Lefty_14302T"
    },
    {
        "id": 2,
        "controller": "Lefty_14303T"
    },
    {
        "id": 3,
        "controller": "Lefty_14304T"
    },
    {
        "id": 4,
        "controller": "Lefty_14305T"
    },
    {
        "id": 5,
        "controller": "Lefty_14306T"
    },
    {
        "id": 6,
        "controller": "Lefty_14302T"
    },
    {
        "id": 7,
        "controller": "Lefty_14302T"
    },
    {
        "id": 8,
        "controller": "Lefty_14302T"
    },
    {
        "id": 9,
        "controller": "Lefty_14302T"
    },
    {
        "id": 10,
        "controller": "Lefty_14302T"
    }
  ]