[
    {
        "DateAndTime":"06/09/2022",
        "value":3,
        "well":"OilField"
    },
    {
        "date":"07/09/2022",
        "value":19,
        "well":"OilField"
    }, 
    {
        "date":"08/09/2022",
        "value":3,
        "well":"OilField"
    },
    {
        "date":"09/09/2022",
        "value":8,
        "well":"OilField"
    }, 
    {
        "date":"10/09/2022",
        "value":5,
        "well":"OilField"
    },
    {
        "date":"11/09/2022",
        "value":9,
        "well":"OilField"
    }
    ,
    {
        "date":"12/09/2022",
        "value":20,
        "well":"OilField"
    }
]