[
  {
    "wellName": "Well Name 001",
    "eventLevel": "High",
    "date": "2023-07-09T11:30:20.335Z",
    "desc": "Flatlining"
  },
  {
    "wellName": "Well Name 002",
    "eventLevel": "Medium",
    "date": "2023-07-04T11:30:20.335Z",
    "desc": "Tagging"
  },
  {
    "wellName": "Well Name 003",
    "eventLevel": "Low",
    "date": "2023-07-05T11:30:20.335Z",
    "desc": "Excessive Cycling"
  },
  {
    "wellName": "Well Name 004",
    "eventLevel": "High",
    "date": "2023-07-06T11:30:20.335Z",
    "desc": "Flatlining"
  },
  {
    "wellName": "Well Name 001",
    "eventLevel": "Medium",
    "date": "2023-07-10T11:30:20.335Z",
    "desc": "Tagging"
  },
  {
    "wellName": "Well Name 002",
    "eventLevel": "Low",
    "date": "2023-07-12T11:30:20.335Z",
    "desc": "Excessive Cycling"
  },
  {
    "wellName": "Well Name 003",
    "eventLevel": "High",
    "date": "2023-07-14T11:30:20.335Z",
    "desc": "Flatlining"
  },
  {
    "wellName": "Well Name 004",
    "eventLevel": "Medium",
    "date": "2023-07-11T11:30:20.335Z",
    "desc": "Tagging"
  },
  {
    "wellName": "Well Name 001",
    "eventLevel": "Medium",
    "date": "2023-07-15T11:30:20.335Z",
    "desc": "Excessive Cycling"
  },
  {
    "wellName": "Well Name 002",
    "eventLevel": "Low",
    "date": "2023-07-16T11:30:20.335Z",
    "desc": "Flatlining"
  },
  {
    "wellName": "Well Name 003",
    "eventLevel": "High",
    "date": "2023-07-17T11:30:20.335Z",
    "desc": "Excessive Cycling"
  },
  {
    "wellName": "Well Name 004",
    "eventLevel": "Medium",
    "date": "2023-07-18T11:30:20.335Z",
    "desc": "Tagging"
  }
]
