[
    {
        "createdDateTime":"06/09/2022",
        "cycleToday":3,
        "wellName":"OilField",
        "effectiveRuntime":9,
        "pumpFillage":1,
        "strPM":10,
        "inferredProduction":15,
        "minMaxLoad":25
    },
    {
        "createdDateTime":"07/09/2022",
        "cycleToday":19,
        "wellName":"OilField",
        "effectiveRuntime":24,
        "pumpFillage":9,
        "strPM":20,
        "inferredProduction":31,
        "minMaxLoad":45
    }, 
    {
        "createdDateTime":"08/09/2022",
        "cycleToday":3,
        "wellName":"OilField",
        "effectiveRuntime":9,
        "pumpFillage":3,
        "strPM":5,
        "inferredProduction":12,
        "minMaxLoad":13
    },
    {
        "createdDateTime":"09/09/2022",
        "cycleToday":8,
        "wellName":"OilField",
        "effectiveRuntime":30,
        "pumpFillage":8,
        "strPM":11,
        "inferredProduction":12,
        "minMaxLoad":15
    }, 
    {
        "createdDateTime":"10/09/2022",
        "cycleToday":5,
        "wellName":"OilField",
        "effectiveRuntime":2,
        "pumpFillage":18,
        "strPM":1,
        "inferredProduction":12,
        "minMaxLoad":8
    },
    {
        "createdDateTime":"11/09/2022",
        "cycleToday":9,
        "wellName":"OilField",
        "effectiveRuntime":25,
        "pumpFillage":6,
        "strPM":18,
        "inferredProduction":12,
        "minMaxLoad":35
    }
    ,
    {
        "createdDateTime":"12/09/2022",
        "cycleToday":20,
        "wellName":"OilField",
        "effectiveRuntime":15,
        "pumpFillage":13,
        "strPM":10,
        "inferredProduction":12,
        "minMaxLoad":13
    }
]