[
    {  
       "name": "Yesterday Cycle Count",  
       "data": [
            ["04:00", 100],
            ["06:00", 200],
            ["08:00", 150],
            ["10:00", 250],
            ["12:00", 450],
            ["14:00", 350],
            ["16:00", 140],
            ["18:00", 455],
            ["20:00", 467],
            ["22:00", 589],
            ["30:00", 456],
            ["02:00", 654],
            ["04:00", 858],
            ["06:00", 432]

        ]
    },
    {  
       "name": "Yesterday Percent Run",  
       "data": [
            ["04:00", 677],
            ["06:00", 700],
            ["08:00", 455],
            ["10:00", 677],
            ["12:00", 877],
            ["14:00", 455],
            ["16:00", 944],
            ["18:00", 568],
            ["20:00", 266],
            ["22:00", 749],
            ["30:00", 451],
            ["02:00", 634],
            ["04:00", 518],
            ["06:00", 732]
        ]
    },
    {  
       "name": "Surface Card Pump Fill",  
       "data": [
        ["04:00", 277],
        ["06:00", 300],
        ["08:00", 455],
        ["10:00", 577],
        ["12:00", 867],
        ["14:00", 355],
        ["16:00", 544],
        ["18:00", 368],
        ["20:00", 466],
        ["22:00", 549],
        ["30:00", 251],
        ["02:00", 834],
        ["04:00", 518],
        ["06:00", 632]
        ]
    },
    {  
       "name": "Avg Surface Card Pump Fill:88.48",  
       "data": [
        ["04:00", 621],
        ["06:00", 735],
        ["08:00", 155],
        ["10:00", 377],
        ["12:00", 357],
        ["14:00", 421],
        ["16:00", 374],
        ["18:00", 518],
        ["20:00", 796],
        ["22:00", 129],
        ["30:00", 351],
        ["02:00", 754],
        ["04:00", 368],
        ["06:00", 112]
        ]
    },
    {  
       "name": "SPM Measured",  
       "data": [
        ["04:00", 621],
        ["06:00", 735],
        ["08:00", 155],
        ["10:00", 377],
        ["12:00", 357],
        ["14:00", 421],
        ["16:00", 374],
        ["18:00", 518],
        ["20:00", 796],
        ["22:00", 129],
        ["30:00", 351],
        ["02:00", 754],
        ["04:00", 368],
        ["06:00", 112]
        ]
    },
    {  
       "name": "Avg SPM Measured:3:20",  
       "data": [
        ["04:00", 621],
        ["06:00", 735],
        ["08:00", 155],
        ["10:00", 377],
        ["12:00", 357],
        ["14:00", 421],
        ["16:00", 374],
        ["18:00", 518],
        ["20:00", 796],
        ["22:00", 129],
        ["30:00", 351],
        ["02:00", 754],
        ["04:00", 368],
        ["06:00", 112]
        ]
    }
]