[
    {
      "tagTitle": "Letty 14302T dynacard class",
      "tagContent": "0 enum",
      "tagInfo": "May 30, 2023 13:14:59 AM CDT"
    },
    {
      "tagTitle": "Letty 14303T flatlining_mitigation_state",
      "tagContent": "5",
      "tagInfo": "May 30, 2023 13:14:59 AM CDT"
    },
    {
      "tagTitle": "Letty 14304T tagging_mitigation_state",
      "tagContent": "5",
      "tagInfo": "May 30, 2023 13:14:59 AM CDT"
    },
    {
      "tagTitle": "Letty 14305T VFD_max_working_speed",
      "tagContent": "54 hz",
      "tagInfo": "May 30, 2023 13:14:59 AM CDT"
    }
  ]