[
    {
        "dateAndTime":"06/09/2022",
        "fluidpound":100,
        "gasinterference":60,
        "tagging":6
    },
    {
        "dateAndTime":"07/09/2022",
        "fluidpound":110,
        "gasinterference":72,
        "tagging":0
    }, 
    {
        "dateAndTime":"08/09/2022",
        "fluidpound":147,
        "gasinterference":65,
        "tagging":10
    },
    {
        "dateAndTime":"09/09/2022",
        "fluidpound":170,
        "gasinterference":72,
        "tagging":7
    }, 
    {
        "dateAndTime":"10/09/2022",
        "fluidpound":115,
        "gasinterference":58,
        "tagging":0
    },
    {
        "dateAndTime":"11/09/2022",
        "fluidpound":90,
        "gasinterference":70,
        "tagging":9
    }
    ,
    {
        "dateAndTime":"12/09/2022",
        "fluidpound":152,
        "gasinterference":80,
        "tagging":11
    }
]