[
    {
        "dateAndTime":"06/09/2022",
        "inferredProduction":300,
        "vfdSpeed":10,
        "optimizerPI":4
    },
    {
        "dateAndTime":"07/09/2022",
        "inferredProduction":310,
        "vfdSpeed":30,
        "optimizerPI":4.1
    }, 
    {
        "dateAndTime":"08/09/2022",
        "inferredProduction":350,
        "vfdSpeed":50,
        "optimizerPI":4.1
    },
    {
        "dateAndTime":"09/09/2022",
        "inferredProduction":370,
        "vfdSpeed":50,
        "optimizerPI":4.1
    }, 
    {
        "dateAndTime":"10/09/2022",
        "inferredProduction":460,
        "vfdSpeed":60,
        "optimizerPI":4.2
    },
    {
        "dateAndTime":"11/09/2022",
        "inferredProduction":480,
        "vfdSpeed":65,
        "optimizerPI":4.2
    }
    ,
    {
        "dateAndTime":"12/09/2022",
        "inferredProduction":490,
        "vfdSpeed":70,
        "optimizerPI":4.3
    }
]