{
  "success": true,
  "data": [
      {
          "id": 1,
          "wellId": "W001",
          "wellName": "Apache 24 FED 11",
          "dateAndTime": "2023-04-14 13:14:59",
          "commStatus": "Comms Established",
          "controllerStatus": "Shutdown",
          "spm": {
              "value": 50,
              "data": [
                  [
                      "06/09/2022",
                      50
                  ],
                  [
                      "07/09/2022",
                      70
                  ],
                  [
                      "08/09/2022",
                      100
                  ],
                  [
                      "09/09/2022",
                      60
                  ],
                  [
                      "10/09/2022",
                      65
                  ],
                  [
                      "11/09/2022",
                      200
                  ],
                  [
                      "12/09/2022",
                      100
                  ]
              ]
          },
          "pumpFillage": {
              "value": 55,
              "data": [
                  [
                      "06/09/2022",
                      50
                  ],
                  [
                      "07/09/2022",
                      70
                  ],
                  [
                      "08/09/2022",
                      100
                  ],
                  [
                      "09/09/2022",
                      60
                  ],
                  [
                      "10/09/2022",
                      65
                  ],
                  [
                      "11/09/2022",
                      200
                  ],
                  [
                      "12/09/2022",
                      100
                  ]
              ]
          },
          "inferredProduction": {
              "value": 30.5,
              "data": [
                  [
                      "06/09/2022",
                      50
                  ],
                  [
                      "07/09/2022",
                      70
                  ],
                  [
                      "08/09/2022",
                      100
                  ],
                  [
                      "09/09/2022",
                      60
                  ],
                  [
                      "10/09/2022",
                      65
                  ],
                  [
                      "11/09/2022",
                      200
                  ],
                  [
                      "12/09/2022",
                      100
                  ]
              ]
          },
          "effectiveRunTime": {
              "value": 12,
              "data": [
                  [
                      "06/09/2022",
                      50
                  ],
                  [
                      "07/09/2022",
                      70
                  ],
                  [
                      "08/09/2022",
                      100
                  ],
                  [
                      "09/09/2022",
                      60
                  ],
                  [
                      "10/09/2022",
                      65
                  ],
                  [
                      "11/09/2022",
                      200
                  ],
                  [
                      "12/09/2022",
                      100
                  ]
              ]
          },
          "cyclesToday": {
              "value": 2.5,
              "data": [
                  [
                      "06/09/2022",
                      50
                  ],
                  [
                      "07/09/2022",
                      70
                  ],
                  [
                      "08/09/2022",
                      100
                  ],
                  [
                      "09/09/2022",
                      60
                  ],
                  [
                      "10/09/2022",
                      65
                  ],
                  [
                      "11/09/2022",
                      200
                  ],
                  [
                      "12/09/2022",
                      100
                  ]
              ]
          },
          "structuralLoad": {
              "value": 3.5,
              "data": [
                  [
                      "06/09/2022",
                      50
                  ],
                  [
                      "07/09/2022",
                      70
                  ],
                  [
                      "08/09/2022",
                      100
                  ],
                  [
                      "09/09/2022",
                      60
                  ],
                  [
                      "10/09/2022",
                      65
                  ],
                  [
                      "11/09/2022",
                      200
                  ],
                  [
                      "12/09/2022",
                      100
                  ]
              ]
          },
          "minMaxLoad": {
              "value": 20.5,
              "min": [
                  [
                      "06/09/2022",
                      30
                  ],
                  [
                      "07/09/2022",
                      50
                  ],
                  [
                      "08/09/2022",
                      80
                  ],
                  [
                      "09/09/2022",
                      20
                  ],
                  [
                      "10/09/2022",
                      55
                  ],
                  [
                      "11/09/2022",
                      100
                  ],
                  [
                      "12/09/2022",
                      50
                  ]
              ],
              "max": [
                  [
                      "06/09/2022",
                      50
                  ],
                  [
                      "07/09/2022",
                      70
                  ],
                  [
                      "08/09/2022",
                      100
                  ],
                  [
                      "09/09/2022",
                      60
                  ],
                  [
                      "10/09/2022",
                      65
                  ],
                  [
                      "11/09/2022",
                      200
                  ],
                  [
                      "12/09/2022",
                      100
                  ]
              ]
          },
          "gearboxLoad": {
              "value": 20.5,
              "data": [
                  [
                      "06/09/2022",
                      50
                  ],
                  [
                      "07/09/2022",
                      70
                  ],
                  [
                      "08/09/2022",
                      100
                  ],
                  [
                      "09/09/2022",
                      60
                  ],
                  [
                      "10/09/2022",
                      65
                  ],
                  [
                      "11/09/2022",
                      200
                  ],
                  [
                      "12/09/2022",
                      100
                  ]
              ]
          },
          "rodStress": {
              "value": 29.5,
              "data": [
                  [
                      "06/09/2022",
                      50
                  ],
                  [
                      "07/09/2022",
                      70
                  ],
                  [
                      "08/09/2022",
                      100
                  ],
                  [
                      "09/09/2022",
                      60
                  ],
                  [
                      "10/09/2022",
                      65
                  ],
                  [
                      "11/09/2022",
                      200
                  ],
                  [
                      "12/09/2022",
                      100
                  ]
              ]
          },
          "noOfAlerts": 2,
          "wellStatus": "Optimum Pumping"
      },
      {
          "id": 2,
          "wellId": "W002",
          "wellName": "Jones 2-15-022BH",
          "dateAndTime": "2023-04-14 13:14:59",
          "commStatus": "Comms Failed 2020-04-14",
          "controllerStatus": "Hand(Manual)",
          "spm": {
              "value": 40.5,
              "data": [
                  [
                      "06/09/2022",
                      150
                  ],
                  [
                      "07/09/2022",
                      20
                  ],
                  [
                      "08/09/2022",
                      100
                  ],
                  [
                      "09/09/2022",
                      80
                  ],
                  [
                      "10/09/2022",
                      45
                  ],
                  [
                      "11/09/2022",
                      200
                  ],
                  [
                      "12/09/2022",
                      100
                  ]
              ]
          },
          "pumpFillage": {
              "value": 45,
              "data": [
                  [
                      "06/09/2022",
                      75
                  ],
                  [
                      "07/09/2022",
                      50
                  ],
                  [
                      "08/09/2022",
                      10
                  ],
                  [
                      "09/09/2022",
                      80
                  ],
                  [
                      "10/09/2022",
                      45
                  ],
                  [
                      "11/09/2022",
                      200
                  ],
                  [
                      "12/09/2022",
                      100
                  ]
              ]
          },
          "inferredProduction": {
              "value": 31.5,
              "data": [
                  [
                      "06/09/2022",
                      65
                  ],
                  [
                      "07/09/2022",
                      50
                  ],
                  [
                      "08/09/2022",
                      100
                  ],
                  [
                      "09/09/2022",
                      20
                  ],
                  [
                      "10/09/2022",
                      45
                  ],
                  [
                      "11/09/2022",
                      200
                  ],
                  [
                      "12/09/2022",
                      100
                  ]
              ]
          },
          "effectiveRunTime": {
              "value": 13,
              "data": [
                  [
                      "06/09/2022",
                      65
                  ],
                  [
                      "07/09/2022",
                      50
                  ],
                  [
                      "08/09/2022",
                      30
                  ],
                  [
                      "09/09/2022",
                      80
                  ],
                  [
                      "10/09/2022",
                      45
                  ],
                  [
                      "11/09/2022",
                      200
                  ],
                  [
                      "12/09/2022",
                      100
                  ]
              ]
          },
          "cyclesToday": {
              "value": 3.5,
              "data": [
                  [
                      "06/09/2022",
                      65
                  ],
                  [
                      "07/09/2022",
                      50
                  ],
                  [
                      "08/09/2022",
                      100
                  ],
                  [
                      "09/09/2022",
                      80
                  ],
                  [
                      "10/09/2022",
                      45
                  ],
                  [
                      "11/09/2022",
                      30
                  ],
                  [
                      "12/09/2022",
                      100
                  ]
              ]
          },
          "structuralLoad": {
              "value": 25.5,
              "data": [
                  [
                      "06/09/2022",
                      65
                  ],
                  [
                      "07/09/2022",
                      30
                  ],
                  [
                      "08/09/2022",
                      100
                  ],
                  [
                      "09/09/2022",
                      80
                  ],
                  [
                      "10/09/2022",
                      45
                  ],
                  [
                      "11/09/2022",
                      200
                  ],
                  [
                      "12/09/2022",
                      100
                  ]
              ]
          },
          "minMaxLoad": {
              "value": 21.5,
              "min": [
                  [
                      "06/09/2022",
                      15
                  ],
                  [
                      "07/09/2022",
                      10
                  ],
                  [
                      "08/09/2022",
                      30
                  ],
                  [
                      "09/09/2022",
                      40
                  ],
                  [
                      "10/09/2022",
                      25
                  ],
                  [
                      "11/09/2022",
                      100
                  ],
                  [
                      "12/09/2022",
                      50
                  ]
              ],
              "max": [
                  [
                      "06/09/2022",
                      65
                  ],
                  [
                      "07/09/2022",
                      50
                  ],
                  [
                      "08/09/2022",
                      150
                  ],
                  [
                      "09/09/2022",
                      80
                  ],
                  [
                      "10/09/2022",
                      45
                  ],
                  [
                      "11/09/2022",
                      50
                  ],
                  [
                      "12/09/2022",
                      150
                  ]
              ]
          },
          "gearboxLoad": {
              "value": 25.5,
              "data": [
                  [
                      "06/09/2022",
                      15
                  ],
                  [
                      "07/09/2022",
                      70
                  ],
                  [
                      "08/09/2022",
                      100
                  ],
                  [
                      "09/09/2022",
                      80
                  ],
                  [
                      "10/09/2022",
                      45
                  ],
                  [
                      "11/09/2022",
                      200
                  ],
                  [
                      "12/09/2022",
                      100
                  ]
              ]
          },
          "rodStress": {
              "value": 28.5,
              "data": [
                  [
                      "06/09/2022",
                      65
                  ],
                  [
                      "07/09/2022",
                      50
                  ],
                  [
                      "08/09/2022",
                      10
                  ],
                  [
                      "09/09/2022",
                      80
                  ],
                  [
                      "10/09/2022",
                      45
                  ],
                  [
                      "11/09/2022",
                      20
                  ],
                  [
                      "12/09/2022",
                      100
                  ]
              ]
          },
          "noOfAlerts": 2,
          "wellStatus": "Optimum Pumping"
      },
      {
          "id": 3,
          "wellId": "W003",
          "wellName": "Apache 24 FED 12",
          "dateAndTime": "2021-04-14 13:14:59",
          "commStatus": "Comms Failed 2020-04-14",
          "controllerStatus": "Auto",
          "spm": {
              "value": 30,
              "data": [
                  [
                      "06/09/2022",
                      50
                  ],
                  [
                      "07/09/2022",
                      60
                  ],
                  [
                      "08/09/2022",
                      200
                  ],
                  [
                      "09/09/2022",
                      70
                  ],
                  [
                      "10/09/2022",
                      65
                  ],
                  [
                      "11/09/2022",
                      200
                  ],
                  [
                      "12/09/2022",
                      10
                  ]
              ]
          },
          "pumpFillage": {
              "value": 35,
              "data": [
                  [
                      "06/09/2022",
                      150
                  ],
                  [
                      "07/09/2022",
                      60
                  ],
                  [
                      "08/09/2022",
                      200
                  ],
                  [
                      "09/09/2022",
                      70
                  ],
                  [
                      "10/09/2022",
                      65
                  ],
                  [
                      "11/09/2022",
                      200
                  ],
                  [
                      "12/09/2022",
                      100
                  ]
              ]
          },
          "inferredProduction": {
              "value": 32.5,
              "data": [
                  [
                      "06/09/2022",
                      150
                  ],
                  [
                      "07/09/2022",
                      60
                  ],
                  [
                      "08/09/2022",
                      200
                  ],
                  [
                      "09/09/2022",
                      70
                  ],
                  [
                      "10/09/2022",
                      65
                  ],
                  [
                      "11/09/2022",
                      200
                  ],
                  [
                      "12/09/2022",
                      100
                  ]
              ]
          },
          "effectiveRunTime": {
              "value": 14,
              "data": [
                  [
                      "06/09/2022",
                      150
                  ],
                  [
                      "07/09/2022",
                      60
                  ],
                  [
                      "08/09/2022",
                      200
                  ],
                  [
                      "09/09/2022",
                      70
                  ],
                  [
                      "10/09/2022",
                      65
                  ],
                  [
                      "11/09/2022",
                      200
                  ],
                  [
                      "12/09/2022",
                      100
                  ]
              ]
          },
          "cyclesToday": {
              "value": 20.5,
              "data": [
                  [
                      "06/09/2022",
                      150
                  ],
                  [
                      "07/09/2022",
                      60
                  ],
                  [
                      "08/09/2022",
                      200
                  ],
                  [
                      "09/09/2022",
                      70
                  ],
                  [
                      "10/09/2022",
                      65
                  ],
                  [
                      "11/09/2022",
                      200
                  ],
                  [
                      "12/09/2022",
                      100
                  ]
              ]
          },
          "structuralLoad": {
              "value": 21.5,
              "data": [
                  [
                      "06/09/2022",
                      150
                  ],
                  [
                      "07/09/2022",
                      60
                  ],
                  [
                      "08/09/2022",
                      200
                  ],
                  [
                      "09/09/2022",
                      70
                  ],
                  [
                      "10/09/2022",
                      65
                  ],
                  [
                      "11/09/2022",
                      200
                  ],
                  [
                      "12/09/2022",
                      100
                  ]
              ]
          },
          "minMaxLoad": {
              "value": 23.5,
              "min": [
                  [
                      "06/09/2022",
                      60
                  ],
                  [
                      "07/09/2022",
                      50
                  ],
                  [
                      "08/09/2022",
                      120
                  ],
                  [
                      "09/09/2022",
                      50
                  ],
                  [
                      "10/09/2022",
                      15
                  ],
                  [
                      "11/09/2022",
                      40
                  ],
                  [
                      "12/09/2022",
                      30
                  ]
              ],
              "max": [
                  [
                      "06/09/2022",
                      150
                  ],
                  [
                      "07/09/2022",
                      60
                  ],
                  [
                      "08/09/2022",
                      200
                  ],
                  [
                      "09/09/2022",
                      70
                  ],
                  [
                      "10/09/2022",
                      65
                  ],
                  [
                      "11/09/2022",
                      200
                  ],
                  [
                      "12/09/2022",
                      100
                  ]
              ]
          },
          "gearboxLoad": {
              "value": 22.5,
              "data": [
                  [
                      "06/09/2022",
                      150
                  ],
                  [
                      "07/09/2022",
                      60
                  ],
                  [
                      "08/09/2022",
                      200
                  ],
                  [
                      "09/09/2022",
                      70
                  ],
                  [
                      "10/09/2022",
                      65
                  ],
                  [
                      "11/09/2022",
                      200
                  ],
                  [
                      "12/09/2022",
                      100
                  ]
              ]
          },
          "rodStress": {
              "value": 12.5,
              "data": [
                  [
                      "06/09/2022",
                      150
                  ],
                  [
                      "07/09/2022",
                      60
                  ],
                  [
                      "08/09/2022",
                      200
                  ],
                  [
                      "09/09/2022",
                      70
                  ],
                  [
                      "10/09/2022",
                      65
                  ],
                  [
                      "11/09/2022",
                      200
                  ],
                  [
                      "12/09/2022",
                      100
                  ]
              ]
          },
          "noOfAlerts": 2,
          "wellStatus": "Under Pumping"
      },
      {
          "id": 4,
          "wellId": "W004",
          "wellName": "Apache 24 FED 13",
          "dateAndTime": "2020-04-14 13:14:59",
          "commStatus": "Comms Failed 2020-04-14",
          "controllerStatus": "Auto",
          "spm": {
              "value": 20,
              "data": [
                  [
                      "06/09/2022",
                      250
                  ],
                  [
                      "07/09/2022",
                      10
                  ],
                  [
                      "08/09/2022",
                      100
                  ],
                  [
                      "09/09/2022",
                      60
                  ],
                  [
                      "10/09/2022",
                      65
                  ],
                  [
                      "11/09/2022",
                      200
                  ],
                  [
                      "12/09/2022",
                      100
                  ]
              ]
          },
          "pumpFillage": {
              "value": 25,
              "data": [
                  [
                      "06/09/2022",
                      250
                  ],
                  [
                      "07/09/2022",
                      10
                  ],
                  [
                      "08/09/2022",
                      100
                  ],
                  [
                      "09/09/2022",
                      60
                  ],
                  [
                      "10/09/2022",
                      65
                  ],
                  [
                      "11/09/2022",
                      200
                  ],
                  [
                      "12/09/2022",
                      100
                  ]
              ]
          },
          "inferredProduction": {
              "value": 33.5,
              "data": [
                  [
                      "06/09/2022",
                      250
                  ],
                  [
                      "07/09/2022",
                      10
                  ],
                  [
                      "08/09/2022",
                      100
                  ],
                  [
                      "09/09/2022",
                      60
                  ],
                  [
                      "10/09/2022",
                      65
                  ],
                  [
                      "11/09/2022",
                      200
                  ],
                  [
                      "12/09/2022",
                      100
                  ]
              ]
          },
          "effectiveRunTime": {
              "value": 15,
              "data": [
                  [
                      "06/09/2022",
                      250
                  ],
                  [
                      "07/09/2022",
                      10
                  ],
                  [
                      "08/09/2022",
                      100
                  ],
                  [
                      "09/09/2022",
                      60
                  ],
                  [
                      "10/09/2022",
                      65
                  ],
                  [
                      "11/09/2022",
                      200
                  ],
                  [
                      "12/09/2022",
                      100
                  ]
              ]
          },
          "cyclesToday": {
              "value": 8.5,
              "data": [
                  [
                      "06/09/2022",
                      250
                  ],
                  [
                      "07/09/2022",
                      10
                  ],
                  [
                      "08/09/2022",
                      100
                  ],
                  [
                      "09/09/2022",
                      60
                  ],
                  [
                      "10/09/2022",
                      65
                  ],
                  [
                      "11/09/2022",
                      200
                  ],
                  [
                      "12/09/2022",
                      100
                  ]
              ]
          },
          "structuralLoad": {
              "value": 9.5,
              "data": [
                  [
                      "06/09/2022",
                      250
                  ],
                  [
                      "07/09/2022",
                      10
                  ],
                  [
                      "08/09/2022",
                      100
                  ],
                  [
                      "09/09/2022",
                      60
                  ],
                  [
                      "10/09/2022",
                      65
                  ],
                  [
                      "11/09/2022",
                      200
                  ],
                  [
                      "12/09/2022",
                      100
                  ]
              ]
          },
          "minMaxLoad": {
              "value": 24.5,
              "min": [
                  [
                      "06/09/2022",
                      200
                  ],
                  [
                      "07/09/2022",
                      5
                  ],
                  [
                      "08/09/2022",
                      50
                  ],
                  [
                      "09/09/2022",
                      20
                  ],
                  [
                      "10/09/2022",
                      35
                  ],
                  [
                      "11/09/2022",
                      80
                  ],
                  [
                      "12/09/2022",
                      10
                  ]
              ],
              "max": [
                  [
                      "06/09/2022",
                      250
                  ],
                  [
                      "07/09/2022",
                      10
                  ],
                  [
                      "08/09/2022",
                      100
                  ],
                  [
                      "09/09/2022",
                      60
                  ],
                  [
                      "10/09/2022",
                      65
                  ],
                  [
                      "11/09/2022",
                      200
                  ],
                  [
                      "12/09/2022",
                      100
                  ]
              ]
          },
          "gearboxLoad": {
              "value": 4.5,
              "data": [
                  [
                      "06/09/2022",
                      250
                  ],
                  [
                      "07/09/2022",
                      10
                  ],
                  [
                      "08/09/2022",
                      100
                  ],
                  [
                      "09/09/2022",
                      60
                  ],
                  [
                      "10/09/2022",
                      65
                  ],
                  [
                      "11/09/2022",
                      200
                  ],
                  [
                      "12/09/2022",
                      100
                  ]
              ]
          },
          "rodStress": {
              "value": 9.5,
              "data": [
                  [
                      "06/09/2022",
                      250
                  ],
                  [
                      "07/09/2022",
                      10
                  ],
                  [
                      "08/09/2022",
                      100
                  ],
                  [
                      "09/09/2022",
                      60
                  ],
                  [
                      "10/09/2022",
                      65
                  ],
                  [
                      "11/09/2022",
                      200
                  ],
                  [
                      "12/09/2022",
                      100
                  ]
              ]
          },
          "noOfAlerts": 1,
          "wellStatus": "Optimum Pumping"
      },
      {
          "id": 5,
          "wellId": "W005",
          "wellName": "Apache 24 FED 14",
          "dateAndTime": "2019-04-14 13:14:59",
          "commStatus": "Comms Failed 2020-04-14",
          "controllerStatus": "Auto",
          "spm": {
              "value": 10,
              "data": [
                  [
                      "06/09/2022",
                      20
                  ],
                  [
                      "07/09/2022",
                      150
                  ],
                  [
                      "08/09/2022",
                      500
                  ],
                  [
                      "09/09/2022",
                      400
                  ],
                  [
                      "10/09/2022",
                      65
                  ],
                  [
                      "11/09/2022",
                      250
                  ],
                  [
                      "12/09/2022",
                      50
                  ]
              ]
          },
          "pumpFillage": {
              "value": 15,
              "data": [
                  [
                      "06/09/2022",
                      20
                  ],
                  [
                      "07/09/2022",
                      150
                  ],
                  [
                      "08/09/2022",
                      500
                  ],
                  [
                      "09/09/2022",
                      400
                  ],
                  [
                      "10/09/2022",
                      65
                  ],
                  [
                      "11/09/2022",
                      250
                  ],
                  [
                      "12/09/2022",
                      50
                  ]
              ]
          },
          "inferredProduction": {
              "value": 34.5,
              "data": [
                  [
                      "06/09/2022",
                      20
                  ],
                  [
                      "07/09/2022",
                      150
                  ],
                  [
                      "08/09/2022",
                      500
                  ],
                  [
                      "09/09/2022",
                      400
                  ],
                  [
                      "10/09/2022",
                      65
                  ],
                  [
                      "11/09/2022",
                      250
                  ],
                  [
                      "12/09/2022",
                      50
                  ]
              ]
          },
          "effectiveRunTime": {
              "value": 16,
              "data": [
                  [
                      "06/09/2022",
                      20
                  ],
                  [
                      "07/09/2022",
                      150
                  ],
                  [
                      "08/09/2022",
                      500
                  ],
                  [
                      "09/09/2022",
                      400
                  ],
                  [
                      "10/09/2022",
                      65
                  ],
                  [
                      "11/09/2022",
                      250
                  ],
                  [
                      "12/09/2022",
                      50
                  ]
              ]
          },
          "cyclesToday": {
              "value": 7.5,
              "data": [
                  [
                      "06/09/2022",
                      20
                  ],
                  [
                      "07/09/2022",
                      150
                  ],
                  [
                      "08/09/2022",
                      500
                  ],
                  [
                      "09/09/2022",
                      400
                  ],
                  [
                      "10/09/2022",
                      65
                  ],
                  [
                      "11/09/2022",
                      250
                  ],
                  [
                      "12/09/2022",
                      50
                  ]
              ]
          },
          "structuralLoad": {
              "value": 2.5,
              "data": [
                  [
                      "06/09/2022",
                      20
                  ],
                  [
                      "07/09/2022",
                      150
                  ],
                  [
                      "08/09/2022",
                      500
                  ],
                  [
                      "09/09/2022",
                      400
                  ],
                  [
                      "10/09/2022",
                      65
                  ],
                  [
                      "11/09/2022",
                      250
                  ],
                  [
                      "12/09/2022",
                      50
                  ]
              ]
          },
          "minMaxLoad": {
              "value": 23.5,
              "min": [
                  [
                      "06/09/2022",
                      10
                  ],
                  [
                      "07/09/2022",
                      50
                  ],
                  [
                      "08/09/2022",
                      50
                  ],
                  [
                      "09/09/2022",
                      40
                  ],
                  [
                      "10/09/2022",
                      6
                  ],
                  [
                      "11/09/2022",
                      50
                  ],
                  [
                      "12/09/2022",
                      5
                  ]
              ],
              "max": [
                  [
                      "06/09/2022",
                      20
                  ],
                  [
                      "07/09/2022",
                      150
                  ],
                  [
                      "08/09/2022",
                      500
                  ],
                  [
                      "09/09/2022",
                      400
                  ],
                  [
                      "10/09/2022",
                      65
                  ],
                  [
                      "11/09/2022",
                      250
                  ],
                  [
                      "12/09/2022",
                      50
                  ]
              ]
          },
          "gearboxLoad": {
              "value": 12.5,
              "data": [
                  [
                      "06/09/2022",
                      20
                  ],
                  [
                      "07/09/2022",
                      150
                  ],
                  [
                      "08/09/2022",
                      500
                  ],
                  [
                      "09/09/2022",
                      400
                  ],
                  [
                      "10/09/2022",
                      65
                  ],
                  [
                      "11/09/2022",
                      250
                  ],
                  [
                      "12/09/2022",
                      50
                  ]
              ]
          },
          "rodStress": {
              "value": 1.5,
              "data": [
                  [
                      "06/09/2022",
                      20
                  ],
                  [
                      "07/09/2022",
                      150
                  ],
                  [
                      "08/09/2022",
                      500
                  ],
                  [
                      "09/09/2022",
                      400
                  ],
                  [
                      "10/09/2022",
                      65
                  ],
                  [
                      "11/09/2022",
                      250
                  ],
                  [
                      "12/09/2022",
                      50
                  ]
              ]
          },
          "noOfAlerts": 1,
          "wellStatus": "Over Pumping"
      }
  ],
  "totalCount": 9,
  "totalOverpumping": 3,
  "totalOptimalPumping": 4,
  "totalUnderpumping": 2
}