[
    [
        "Well Name 82",
        267,
        {
            "marker": {
                "fill": "#ededed"
            }
        }
    ],
    [
        "Well Name 85",
        164,
        {
            "marker": {
                "fill": "#ededed"
            }
        }
    ],
    [
        "Well Name 46",
        446,
        {
            "marker": {
                "fill": "#ededed"
            }
        }
    ],
    [
        "Well Name 56",
        292,
        {
            "marker": {
                "fill": "#ededed"
            }
        }
    ],
    [
        "Well Name 12",
        315,
        {
            "marker": {
                "fill": "#ededed"
            }
        }
    ],
    [
        "Well Name 26",
        288,
        {
            "marker": {
                "fill": "#ededed"
            }
        }
    ],
    [
        "Well Name 45",
        90,
        {
            "marker": {
                "fill": "#ededed"
            }
        }
    ],
    [
        "Well Name 65",
        141,
        {
            "marker": {
                "fill": "#ededed"
            }
        }
    ],
    [
        "Well Name 2",
        475,
        {
            "marker": {
                "fill": "#ededed"
            }
        }
    ],
    [
        "Well Name 0",
        314,
        {
            "marker": {
                "fill": "#ededed"
            }
        }
    ]
]